name,role,url
Daniel Radcliffe,Harry Potter,Harry Potter and the Deathly Hallows – Part 1
Rupert Grint,Ron Weasley,Harry Potter and the Deathly Hallows – Part 1
Emma Watson,Hermione Granger,Harry Potter and the Deathly Hallows – Part 1
Bonnie Wright,Ginny Weasley,Harry Potter and the Deathly Hallows – Part 1
Helena Bonham Carter,Bellatrix Lestrange,Harry Potter and the Deathly Hallows – Part 1
Robbie Coltrane,Rubeus Hagrid,Harry Potter and the Deathly Hallows – Part 1
Warwick Davis,Griphook,Harry Potter and the Deathly Hallows – Part 1
Tom Felton,Draco Malfoy,Harry Potter and the Deathly Hallows – Part 1
Ralph Fiennes,Lord Voldemort,Harry Potter and the Deathly Hallows – Part 1
Michael Gambon,Professor Albus Dumbledore,Harry Potter and the Deathly Hallows – Part 1
Brendan Gleeson,Alastor 'Mad-Eye' Moody,Harry Potter and the Deathly Hallows – Part 1
John Hurt,Garrick Ollivander,Harry Potter and the Deathly Hallows – Part 1
Rhys Ifans,Xenophilius Lovegood,Harry Potter and the Deathly Hallows – Part 1
Jason Isaacs,Lucius Malfoy,Harry Potter and the Deathly Hallows – Part 1
Helen McCrory,Narcissa Malfoy,Harry Potter and the Deathly Hallows – Part 1
Bill Nighy,Rufus Scrimgeour,Harry Potter and the Deathly Hallows – Part 1
Alan Rickman,Professor Severus Snape,Harry Potter and the Deathly Hallows – Part 1
Timothy Spall,Peter Pettigrew/Wormtail,Harry Potter and the Deathly Hallows – Part 1
Imelda Staunton,Dolores Umbridge,Harry Potter and the Deathly Hallows – Part 1
David Thewlis,Remus Lupin,Harry Potter and the Deathly Hallows – Part 1
Natalia Tena,Nymphadora Tonks,Harry Potter and the Deathly Hallows – Part 1
George Harris,Kingsley Shacklebolt,Harry Potter and the Deathly Hallows – Part 1
Julie Walters,Molly Weasley,Harry Potter and the Deathly Hallows – Part 1
Mark Williams,Arthur Weasley,Harry Potter and the Deathly Hallows – Part 1
Domhnall Gleeson,Bill Weasley,Harry Potter and the Deathly Hallows – Part 1
Clémence Poésy,Fleur Delacour,Harry Potter and the Deathly Hallows – Part 1
Guy Henry,Pius Thicknesse,Harry Potter and the Deathly Hallows – Part 1
Peter Mullan,Corban Yaxley,Harry Potter and the Deathly Hallows – Part 1
Carolyn Pickles,Charity Burbage,Harry Potter and the Deathly Hallows – Part 1
David Ryall,Elphias Doge,Harry Potter and the Deathly Hallows – Part 1
Richard Griffiths,Vernon Dursley,Harry Potter and the Deathly Hallows – Part 1
Fiona Shaw,Petunia Dursley,Harry Potter and the Deathly Hallows – Part 1
Hazel Douglas,Nagini,Harry Potter and the Deathly Hallows – Part 1
Daniel Radcliffe,Harry Potter,Harry Potter and the Deathly Hallows – Part 2
Rupert Grint,Ron Weasley,Harry Potter and the Deathly Hallows – Part 2
Emma Watson,Hermione Granger,Harry Potter and the Deathly Hallows – Part 2
Helena Bonham Carter,Bellatrix Lestrange,Harry Potter and the Deathly Hallows – Part 2
Robbie Coltrane,Rubeus Hagrid,Harry Potter and the Deathly Hallows – Part 2
Warwick Davis,Filius Flitwick and Griphook,Harry Potter and the Deathly Hallows – Part 2
Ralph Fiennes,Lord Voldemort,Harry Potter and the Deathly Hallows – Part 2
Michael Gambon,Professor Albus Dumbledore,Harry Potter and the Deathly Hallows – Part 2
John Hurt,Garrick Ollivander,Harry Potter and the Deathly Hallows – Part 2
Jason Isaacs,Lucius Malfoy,Harry Potter and the Deathly Hallows – Part 2
Helen McCrory,Narcissa Malfoy,Harry Potter and the Deathly Hallows – Part 2
Gary Oldman,Sirius Black,Harry Potter and the Deathly Hallows – Part 2
Alan Rickman,Professor Severus Snape,Harry Potter and the Deathly Hallows – Part 2
Maggie Smith,Professor Minerva McGonagall,Harry Potter and the Deathly Hallows – Part 2
David Thewlis,Remus Lupin,Harry Potter and the Deathly Hallows – Part 2
Julie Walters,Molly Weasley,Harry Potter and the Deathly Hallows – Part 2
Tom Felton,Draco Malfoy,Harry Potter and the Deathly Hallows – Part 2
Bonnie Wright,Ginny Weasley,Harry Potter and the Deathly Hallows – Part 2
Matthew Lewis,Neville Longbottom,Harry Potter and the Deathly Hallows – Part 2
Evanna Lynch,Luna Lovegood,Harry Potter and the Deathly Hallows – Part 2
Sean Biggerstaff,Oliver Wood,Harry Potter and the Deathly Hallows – Part 2
Jim Broadbent,Horace Slughorn,Harry Potter and the Deathly Hallows – Part 2
Gemma Jones,Poppy Pomfrey,Harry Potter and the Deathly Hallows – Part 2
Miriam Margolyes,Pomona Sprout,Harry Potter and the Deathly Hallows – Part 2
Emma Thompson,Sybill Trelawney,Harry Potter and the Deathly Hallows – Part 2
Ciarán Hinds,Aberforth Dumbledore,Harry Potter and the Deathly Hallows – Part 2
Daniel Radcliffe,Harry Potter,Harry Potter and the Prisoner of Azkaban
Rupert Grint,Ron Weasley,Harry Potter and the Prisoner of Azkaban
Emma Watson,Hermione Granger,Harry Potter and the Prisoner of Azkaban
Robbie Coltrane,Rubeus Hagrid,Harry Potter and the Prisoner of Azkaban
Michael Gambon,Albus Dumbledore,Harry Potter and the Prisoner of Azkaban
Richard Griffiths,Vernon Dursley,Harry Potter and the Prisoner of Azkaban
Gary Oldman,Sirius Black,Harry Potter and the Prisoner of Azkaban
Alan Rickman,Severus Snape,Harry Potter and the Prisoner of Azkaban
Fiona Shaw,Petunia Dursley,Harry Potter and the Prisoner of Azkaban
Maggie Smith,Minerva McGonagall,Harry Potter and the Prisoner of Azkaban
Timothy Spall,Peter Pettigrew,Harry Potter and the Prisoner of Azkaban
David Thewlis,Remus Lupin,Harry Potter and the Prisoner of Azkaban
Emma Thompson,Sybill Trelawney,Harry Potter and the Prisoner of Azkaban
Julie Walters,Molly Weasley,Harry Potter and the Prisoner of Azkaban
Harry Melling,Dudley Dursley,Harry Potter and the Prisoner of Azkaban
James Phelps,Fred Weasley,Harry Potter and the Prisoner of Azkaban
Oliver Phelps,George Weasley,Harry Potter and the Prisoner of Azkaban
Chris Rankin,Percy Weasley,Harry Potter and the Prisoner of Azkaban
Bonnie Wright,Ginny Weasley,Harry Potter and the Prisoner of Azkaban
Mark Williams,Arthur Weasley,Harry Potter and the Prisoner of Azkaban
Tom Felton,Draco Malfoy,Harry Potter and the Prisoner of Azkaban
Jamie Waylett,Crabbe,Harry Potter and the Prisoner of Azkaban
Josh Herdman,Goyle,Harry Potter and the Prisoner of Azkaban
Matthew Lewis,Neville Longbottom,Harry Potter and the Prisoner of Azkaban
Devon Murray,Seamus Finnigan,Harry Potter and the Prisoner of Azkaban
David Bradley,Argus Filch,Harry Potter and the Prisoner of Azkaban
Robert Hardy,Cornelius Fudge,Harry Potter and the Prisoner of Azkaban
Pam Ferris,Aunt Marge,Harry Potter and the Prisoner of Azkaban
Lee Ingleby,Stan Shunpike,Harry Potter and the Prisoner of Azkaban
Jim Tavaré,Tom,Harry Potter and the Prisoner of Azkaban
Dawn French,The Fat Lady,Harry Potter and the Prisoner of Azkaban
Julie Christie,Madam Rosmerta,Harry Potter and the Prisoner of Azkaban
Warwick Davis,Conductor of the Hogwarts choir,Harry Potter and the Prisoner of Azkaban
Daniel Radcliffe,Harry Potter,Harry Potter and the Goblet of Fire
Rupert Grint,Ron Weasley,Harry Potter and the Goblet of Fire
Emma Watson,Hermione Granger,Harry Potter and the Goblet of Fire
Robbie Coltrane,Rubeus Hagrid,Harry Potter and the Goblet of Fire
Ralph Fiennes,Lord Voldemort,Harry Potter and the Goblet of Fire
Michael Gambon,Albus Dumbledore,Harry Potter and the Goblet of Fire
Brendan Gleeson,Alastor 'Mad-Eye' Moody,Harry Potter and the Goblet of Fire
Jason Isaacs,Lucius Malfoy,Harry Potter and the Goblet of Fire
Gary Oldman,Sirius Black,Harry Potter and the Goblet of Fire
Alan Rickman,Severus Snape,Harry Potter and the Goblet of Fire
Maggie Smith,Minerva McGonagall,Harry Potter and the Goblet of Fire
Timothy Spall,Peter Pettigrew / Wormtail,Harry Potter and the Goblet of Fire
James Phelps,Fred Weasley,Harry Potter and the Goblet of Fire
Oliver Phelps,George Weasley,Harry Potter and the Goblet of Fire
Bonnie Wright,Ginny Weasley,Harry Potter and the Goblet of Fire
Mark Williams,Arthur Weasley,Harry Potter and the Goblet of Fire
Tom Felton,Draco Malfoy,Harry Potter and the Goblet of Fire
Jamie Waylett,Crabbe,Harry Potter and the Goblet of Fire
Joshua Herdman,Goyle,Harry Potter and the Goblet of Fire
Matthew Lewis,Neville Longbottom,Harry Potter and the Goblet of Fire
Devon Murray,Seamus Finnigan,Harry Potter and the Goblet of Fire
Alfred Enoch,Dean Thomas,Harry Potter and the Goblet of Fire
David Bradley,Argus Filch,Harry Potter and the Goblet of Fire
Warwick Davis,Professor Filius Flitwick,Harry Potter and the Goblet of Fire
Shirley Henderson,Moaning Myrtle,Harry Potter and the Goblet of Fire
Robert Hardy,Cornelius Fudge,Harry Potter and the Goblet of Fire
Louis Doyle,Ernie MacMillan,Harry Potter and the Goblet of Fire
Charlotte Skeoch,Hannah Abbott,Harry Potter and the Goblet of Fire
Robert Pattinson,Cedric Diggory,Harry Potter and the Goblet of Fire
Jeff Rawle,Amos Diggory,Harry Potter and the Goblet of Fire
David Tennant,Barty Crouch Jr.,Harry Potter and the Goblet of Fire
Roger Lloyd-Pack,Barty Crouch Sr.,Harry Potter and the Goblet of Fire
Katie Leung,Cho Chang,Harry Potter and the Goblet of Fire
Clémence Poésy,Fleur Delacour,Harry Potter and the Goblet of Fire
Stanislav Ianevski,Viktor Krum,Harry Potter and the Goblet of Fire
Miranda Richardson,Rita Skeeter,Harry Potter and the Goblet of Fire
Predrag Bjelac,Igor Karkaroff,Harry Potter and the Goblet of Fire
Frances de la Tour,Olympe Maxime,Harry Potter and the Goblet of Fire
Shefali Chowdhury,Parvati Patil,Harry Potter and the Goblet of Fire
Afshan Azad,Padma Patil,Harry Potter and the Goblet of Fire
Eric Sykes,Frank Bryce,Harry Potter and the Goblet of Fire
Daniel Radcliffe,Harry Potter,Harry Potter and the Philosopher's Stone
Rupert Grint,Ron Weasley,Harry Potter and the Philosopher's Stone
Emma Watson,Hermione Granger,Harry Potter and the Philosopher's Stone
John Cleese,Nearly Headless Nick,Harry Potter and the Philosopher's Stone
Robbie Coltrane,Rubeus Hagrid,Harry Potter and the Philosopher's Stone
Warwick Davis,Filius Flitwick,Harry Potter and the Philosopher's Stone
Richard Griffiths,Vernon Dursley,Harry Potter and the Philosopher's Stone
Richard Harris,Albus Dumbledore,Harry Potter and the Philosopher's Stone
Ian Hart,Quirinus Quirrell,Harry Potter and the Philosopher's Stone
John Hurt,Mr. Ollivander,Harry Potter and the Philosopher's Stone
Alan Rickman,Severus Snape,Harry Potter and the Philosopher's Stone
Fiona Shaw,Petunia Dursley,Harry Potter and the Philosopher's Stone
Maggie Smith,Minerva McGonagall,Harry Potter and the Philosopher's Stone
Julie Walters,Molly Weasley,Harry Potter and the Philosopher's Stone
Zoë Wanamaker,Madame Hooch,Harry Potter and the Philosopher's Stone
Tom Felton,Draco Malfoy,Harry Potter and the Philosopher's Stone
Harry Melling,Dudley Dursley,Harry Potter and the Philosopher's Stone
David Bradley,Argus Filch,Harry Potter and the Philosopher's Stone
Matthew Lewis,Neville Longbottom,Harry Potter and the Philosopher's Stone
Devon Murray,Seamus Finnigan,Harry Potter and the Philosopher's Stone
Alfred Enoch,Dean Thomas,Harry Potter and the Philosopher's Stone
James Phelps,Fred Weasley,Harry Potter and the Philosopher's Stone
Oliver Phelps,George Weasley,Harry Potter and the Philosopher's Stone
Chris Rankin,Percy Weasley,Harry Potter and the Philosopher's Stone
Bonnie Wright,Ginny Weasley,Harry Potter and the Philosopher's Stone
Sean Biggerstaff,Oliver Wood,Harry Potter and the Philosopher's Stone
Jamie Waylett,Crabbe,Harry Potter and the Philosopher's Stone
Joshua Herdman,Goyle,Harry Potter and the Philosopher's Stone
Leslie Phillips,The Sorting Hat,Harry Potter and the Philosopher's Stone
Derek Deadman,Tom,Harry Potter and the Philosopher's Stone
Elizabeth Spriggs,The Fat Lady,Harry Potter and the Philosopher's Stone
Daniel Radcliffe,Harry Potter,Harry Potter and the Order of the Phoenix
Rupert Grint,Ron Weasley,Harry Potter and the Order of the Phoenix
Emma Watson,Hermione Granger,Harry Potter and the Order of the Phoenix
Mark Williams,Arthur Weasley,Harry Potter and the Order of the Phoenix
Warwick Davis,Filius Flitwick,Harry Potter and the Order of the Phoenix
David Bradley,Argus Filch,Harry Potter and the Order of the Phoenix
Tom Felton,Draco Malfoy,Harry Potter and the Order of the Phoenix
Jamie Waylett,Vincent Crabbe,Harry Potter and the Order of the Phoenix
Joshua Herdman,Gregory Goyle,Harry Potter and the Order of the Phoenix
James Phelps,Fred Weasley,Harry Potter and the Order of the Phoenix
Oliver Phelps,George Weasley,Harry Potter and the Order of the Phoenix
Bonnie Wright,Ginny Weasley,Harry Potter and the Order of the Phoenix
Chris Rankin,Percy Weasley,Harry Potter and the Order of the Phoenix
Devon Murray,Seamus Finnigan,Harry Potter and the Order of the Phoenix
Alfred Enoch,Dean Thomas,Harry Potter and the Order of the Phoenix
Matthew Lewis,Neville Longbottom,Harry Potter and the Order of the Phoenix
Katie Leung,Cho Chang,Harry Potter and the Order of the Phoenix
Robert Hardy,Cornelius Fudge,Harry Potter and the Order of the Phoenix
Harry Melling,Dudley Dursley,Harry Potter and the Order of the Phoenix
Evanna Lynch,Luna Lovegood,Harry Potter and the Order of the Phoenix
Timothy Bateson,Kreacher (voice),Harry Potter and the Order of the Phoenix
Tony Maudsley,Grawp,Harry Potter and the Order of the Phoenix
Kathryn Hunter,Mrs. Figg,Harry Potter and the Order of the Phoenix
George Harris,Kingsley Shacklebolt,Harry Potter and the Order of the Phoenix
Natalia Tena,Nymphadora Tonks,Harry Potter and the Order of the Phoenix
Daniel Radcliffe,Harry Potter,Harry Potter and the Half-Blood Prince
Rupert Grint,Ron Weasley,Harry Potter and the Half-Blood Prince
Emma Watson,Hermione Granger,Harry Potter and the Half-Blood Prince
Helena Bonham Carter,Bellatrix Lestrange,Harry Potter and the Half-Blood Prince
Jim Broadbent,Horace Slughorn,Harry Potter and the Half-Blood Prince
Robbie Coltrane,Rubeus Hagrid,Harry Potter and the Half-Blood Prince
Warwick Davis,Filius Flitwick,Harry Potter and the Half-Blood Prince
Tom Felton,Draco Malfoy,Harry Potter and the Half-Blood Prince
Michael Gambon,Albus Dumbledore,Harry Potter and the Half-Blood Prince
Alan Rickman,Severus Snape,Harry Potter and the Half-Blood Prince
Maggie Smith,Minerva McGonagall,Harry Potter and the Half-Blood Prince
Timothy Spall,Peter Pettigrew,Harry Potter and the Half-Blood Prince
David Thewlis,Remus Lupin,Harry Potter and the Half-Blood Prince
Julie Walters,Molly Weasley,Harry Potter and the Half-Blood Prince
Gemma Jones,Poppy Pomfrey,Harry Potter and the Half-Blood Prince
Mark Williams,Arthur Weasley,Harry Potter and the Half-Blood Prince
Natalia Tena,Nymphadora Tonks,Harry Potter and the Half-Blood Prince
James Phelps,Fred Weasley,Harry Potter and the Half-Blood Prince
Oliver Phelps,George Weasley,Harry Potter and the Half-Blood Prince
Bonnie Wright,Ginny Weasley,Harry Potter and the Half-Blood Prince
Devon Murray,Seamus Finnigan,Harry Potter and the Half-Blood Prince
Alfred Enoch,Dean Thomas,Harry Potter and the Half-Blood Prince
Matthew Lewis,Neville Longbottom,Harry Potter and the Half-Blood Prince
Evanna Lynch,Luna Lovegood,Harry Potter and the Half-Blood Prince
Katie Leung,Cho Chang,Harry Potter and the Half-Blood Prince
Jamie Waylett,Vincent Crabbe,Harry Potter and the Half-Blood Prince
Joshua Herdman,Gregory Goyle,Harry Potter and the Half-Blood Prince
Jessie Cave,Lavender Brown,Harry Potter and the Half-Blood Prince
Anna Shaffer,Romilda Vane,Harry Potter and the Half-Blood Prince
Freddie Stroma,Cormac McLaggen,Harry Potter and the Half-Blood Prince
Rob Knox,Marcus Belby,Harry Potter and the Half-Blood Prince
Helen McCrory,Narcissa Malfoy,Harry Potter and the Half-Blood Prince
David Legeno,Fenrir Greyback,Harry Potter and the Half-Blood Prince
Hero Fiennes Tiffin,11-year-old Tom Riddle,Harry Potter and the Half-Blood Prince
Frank Dillane,16-year-old Tom Riddle,Harry Potter and the Half-Blood Prince
Daniel Radcliffe,Harry Potter,Harry Potter and the Chamber of Secrets
Rupert Grint,Ron Weasley,Harry Potter and the Chamber of Secrets
Emma Watson,Hermione Granger,Harry Potter and the Chamber of Secrets
Kenneth Branagh,Gilderoy Lockhart,Harry Potter and the Chamber of Secrets
John Cleese,Nearly Headless Nick,Harry Potter and the Chamber of Secrets
Robbie Coltrane,Rubeus Hagrid,Harry Potter and the Chamber of Secrets
Martin Bayfield,young Hagrid,Harry Potter and the Chamber of Secrets
Warwick Davis,Filius Flitwick,Harry Potter and the Chamber of Secrets
Richard Griffiths,Vernon Dursley,Harry Potter and the Chamber of Secrets
Richard Harris,Albus Dumbledore,Harry Potter and the Chamber of Secrets
Jason Isaacs,Lucius Malfoy,Harry Potter and the Chamber of Secrets
Maggie Smith,Minerva McGonagall,Harry Potter and the Chamber of Secrets
Gemma Jones,Madame Pomfrey,Harry Potter and the Chamber of Secrets
Alan Rickman,Severus Snape,Harry Potter and the Chamber of Secrets
Fiona Shaw,Petunia Dursley,Harry Potter and the Chamber of Secrets
Julie Walters,Molly Weasley,Harry Potter and the Chamber of Secrets
Harry Melling,Dudley Dursley,Harry Potter and the Chamber of Secrets
James Phelps,Fred Weasley,Harry Potter and the Chamber of Secrets
Oliver Phelps,George Weasley,Harry Potter and the Chamber of Secrets
Chris Rankin,Percy Weasley,Harry Potter and the Chamber of Secrets
Bonnie Wright,Ginny Weasley,Harry Potter and the Chamber of Secrets
Tom Felton,Draco Malfoy,Harry Potter and the Chamber of Secrets
Jamie Waylett,Crabbe,Harry Potter and the Chamber of Secrets
Joshua Herdman,Goyle,Harry Potter and the Chamber of Secrets
Matthew Lewis,Neville Longbottom,Harry Potter and the Chamber of Secrets
Devon Murray,Seamus Finnigan,Harry Potter and the Chamber of Secrets
Alfred Enoch,Dean Thomas,Harry Potter and the Chamber of Secrets
David Bradley,Argus Filch,Harry Potter and the Chamber of Secrets
Sean Biggerstaff,Oliver Wood,Harry Potter and the Chamber of Secrets
Leslie Phillips,voice of the Sorting Hat,Harry Potter and the Chamber of Secrets
Eleanor Columbus,Susan Bones,Harry Potter and the Chamber of Secrets
Edward Randell,Justin Finch-Fletchley,Harry Potter and the Chamber of Secrets
Charlotte Skeoch,Hannah Abbott,Harry Potter and the Chamber of Secrets
Louis Doyle,Ernie MacMillan,Harry Potter and the Chamber of Secrets
Emily Dale,Katie Bell,Harry Potter and the Chamber of Secrets
Rochelle Douglas,Alicia Spinnet,Harry Potter and the Chamber of Secrets
Danielle Tabor,Angelina Johnson,Harry Potter and the Chamber of Secrets
Jamie Yeats,Marcus Flint,Harry Potter and the Chamber of Secrets
Scott Fearn,Adrian Puyce,Harry Potter and the Chamber of Secrets
David Holmes,Slytherin quidditch player,Harry Potter and the Chamber of Secrets
David Massam,Slytherin quidditch player,Harry Potter and the Chamber of Secrets
Tony Christian,Slytherin quidditch player,Harry Potter and the Chamber of Secrets
Gemma Padley,Penelope Clearwater,Harry Potter and the Chamber of Secrets
Luke Youngblood,Lee Jordan,Harry Potter and the Chamber of Secrets
Christian Coulson,Tom Marvolo Riddle,Harry Potter and the Chamber of Secrets
Mark Williams,Arthur Weasley,Harry Potter and the Chamber of Secrets
Shirley Henderson,Moaning Myrtle,Harry Potter and the Chamber of Secrets
Miriam Margolyes,Pomona Sprout,Harry Potter and the Chamber of Secrets
Hugh Mitchell,Colin Creevey,Harry Potter and the Chamber of Secrets
Robert Hardy,Cornelius Fudge,Harry Potter and the Chamber of Secrets
Toby Jones,voice of Dobby,Harry Potter and the Chamber of Secrets
Julian Glover,voice of Aragog,Harry Potter and the Chamber of Secrets
Jim Norton,Mr. Mason,Harry Potter and the Chamber of Secrets
Veronica Clifford,Mrs. Mason,Harry Potter and the Chamber of Secrets
Alfred Burke,Master Dippet,Harry Potter and the Chamber of Secrets
Daisy Bates,moving picture,Harry Potter and the Chamber of Secrets
David Tysall,moving picture,Harry Potter and the Chamber of Secrets
Peter Taylor,moving picture,Harry Potter and the Chamber of Secrets
Helen Stuart,Millicent Bulstrode,Harry Potter and the Chamber of Secrets
